Name,Given Name,Additional Name,Family Name,Yomi Name,Given Name Yomi,Additional Name Yomi,Family Name Yomi,Name Prefix,Name Suffix,Initials,Nickname,Short Name,Maiden Name,Birthday,Gender,Location,Billing Information,Directory Server,Mileage,Occupation,Hobby,Sensitivity,Priority,Subject,Notes,Language,Photo,Group Membership,Phone 1 - Type,Phone 1 - Value,Phone 2 - Type,Phone 2 - Value,Organization 1 - Type,Organization 1 - Name,Organization 1 - Yomi Name,Organization 1 - Title,Organization 1 - Department,Organization 1 - Symbol,Organization 1 - Location,Organization 1 - Job Description
Abhinay,Abhinay,,,,,,,,,,,,,,,,,,,,,,,,,,,* myContacts,Mobile,+91 63521 58105,,,,,,,,,,
Adithi J Clearexam,Adithi,J,Clearexam,,,,,,,,,,,,,,,,,,,,,,,,,* myContacts,WhatsApp,+91 94838 02192,,,,,,,,,,
Aditi Mam Principal,Aditi,Mam,Principal,,,,,,,,,,,,,,,,,,,,,,,,,* myContacts,Mobile,+91 78209 27305 ::: 98245 49976,,,,,,,,,,
Aditya Sir(Clear Exam),Aditya Sir(Clear Exam),,,,,,,,,,,,,,,,,,,,,,,,,,,* myContacts,Mobile,+91 95998 29571,,,,,,,,,,
Agri Aayog Athira Niti,Agri Aayog,,Athira Niti,,,,,,,,,,,,,,,,,,,,,,,,,* myContacts,Mobile,+91 94955 89972,,,,,,,,,,
Amash Solanki,Amash ,,Solanki,,,,,,,,,,,,,,,,,,,,,,,,,* myContacts,Mobile,+91 91747 62509,,,,,,,,,,
Amir Sir (Clear Exam),Amir Sir,,(Clear Exam),,,,,,,,,,,,,,,,,,,,,,,,,* myContacts,Mobile,+91 90132 15166,,,,,,,,,,
Anirban Sir NITG,Anirban,Sir,NITG,,,,,,,,,,,,,,,,,,,,,,,,,* myContacts,Phone,+91 82756 81583,,,,,,,,,,
Anita Teacher,Anita,,Teacher,,,,,,,,,,,,,,,,,,,,,,,,,* myContacts,Mobile,+91 99244 28287,,,,,,,,,,
Ankita,Ankita,,,,,,,,,,,,,,,,,,,,,,,,,,,* myContacts,Mobile,95862 73091,,,,,,,,,,
Annentmam_DC_TA,Annentmam_DC_TA,,,,,,,,,,,,,,,,,,,,,,,,,,,* myContacts,Mobile,+91 94976 57145,,,,,,,,,,
Anudevu Mam,Anudevu,,Mam,,,,,,,,,,,,,,,,,,,,,,,,,* myContacts,Mobile,+91 91589 87316,,,,,,,,,,
Anurag,Anurag,,,,,,,,,,,,,,,,,,,,,,,,,,,* myContacts,Mobile,+91 70419 88906,,,,,,,,,,
Anurag Pandey Jaipuria,Anurag,Pandey,Jaipuria,,,,,,,,,,,,,,,,,,,,,,,,,* myContacts,Mobile,+91 73111 14455,,,unknown,Anurag Kumar,,,Pandey,,,
Aparna,Aparna,,,,,,,,,,,,,,,,,,,,,,,,,,,* myContacts,Mobile,+91 87641 82506,,,,,,,,,,
Asha,Asha,,,,,,,,,,,,,,,,,,,,,,,,,,,* myContacts,Mobile,99047 48921,,,,,,,,,,
Ashfaq Bhai,Ashfaq,,Bhai,,,,,,,,,,,,,,,,,,,,,,,,,* myContacts,Mobile,+91 6355 388 200,,,,,,,,,,
Ayyappan,Ayyappan,,,,,,,,,,,,,,,,,,,,,,,,,,,* myContacts,Mobile,+91 94475 03452,,,,,,,,,,
Bhavik Bhandari,Bhavik,,Bhandari,,,,,,,,,,,,,,,,,,,,,,,,,* myContacts,Mobile,+91 95741 72853,,,,,,,,,,
Bhavika Bhagchandani,Bhavika,,Bhagchandani,,,,,,,,,,,,,,,,,,,,,,,,,* myContacts,Mobile,+91 77779 41444,,,,,,,,,,
Bimal patel,Bimal patel,,,,,,,,,,,,,,,,,,,,,,,,,,,* myContacts,Mobile,+91 99252 50018,,,,,,,,,,
Career Power,Career,,Power,,,,,,,,,,,,,,,,,,,,,,,,,* myContacts,Mobile,97261 10183,,,,,,,,,,
Chiripal Industry,Chiripal,,Industry,,,,,,,,,,,,,,,,,,,,,,,,,* myContacts,Mobile,70694 15919,,,,,,,,,,
Choubey Ji,Choubey,,Ji,,,,,,,,,,,,,,,,,,,,,,,,,* myContacts,Mobile,+91 79707 97369,,,,,,,,,,
Clearexam,Clearexam,,,,,,,,,,,,,,,,,,,,,,,,,,,* myContacts,Mobile,+91 74898 58483,,,,,,,,,,
Club House,Club,,House,,,,,,,,,,,,,,,,,,,,,,,,,* myContacts,Mobile,82387 71356,,,,,,,,,,
CR,CR,,,,,,,,,,,,,,,,,,,,,,,,,,,* myContacts,Mobile,+91 98286 16671,,,,,,,,,,
Dada,Dada,,,,,,,,,,,,,,,,,,,,,,,,,,,* myContacts,Mobile,+91 79052 77198,,,,,,,,,,
DC_TA,DC_TA,,,,,,,,,,,,,,,,,,,,,,,,,,,* myContacts,Mobile,+91 84597 39533,,,,,,,,,,
Dipanshu,Dipanshu,,,,,,,,,,,,,,,,,,,,,,,,,,,* myContacts,Mobile,+91 85060 28412,,,,,,,,,,
Divya,Divya,,,,,,,,,,,,,,,,,,,,,,,,,,,* myContacts,Mobile,+91 83478 29245,,,,,,,,,,
DSP_TA_Tushar Sir,DSP_TA_Tushar Sir,,,,,,,,,,,,,,,,,,,,,,,,,,,* myContacts,Mobile,+91 84464 49696,,,unknown,NIT,,,Goa,,,
Durva Goan,Durva,,Goan,,,,,,,,,,,,,,,,,,,,,,,,,* myContacts,Mobile,+91 95527 14122,,,,,,,,,,
Fufa,Fufa,,,,,,,,,,,,,,,,,,,,,,,,,,,* myContacts,Mobile,+91 96874 95549,,,,,,,,,,
Gamma Prashanth,Gamma,,Prashanth,,,,,,,,,,,,,,,,,,,,,,,,,* myContacts,Mobile,+91 84990 61120,,,,,,,,,,
Gaurav,Gaurav,,,,,,,,,,,,,,,,,,,,,,,,,,,* myContacts,Mobile,+91 93590 95548,,,,,,,,,,
GR Prasanth Sir,GR Prasanth Sir,,,,,,,,,,,,,,,,,,,,,,,,,,,* myContacts,Mobile,+91 91106 61151,,,,,,,,,,
Guru Fr,Guru,,Fr,,,,,,,,,,,,,,,,,,,,,,,,,* myContacts,Home,+91 81603 03458,,,,,,,,,,
Hemant,Hemant,,,,,,,,,,,,,,,,,,,,,,,,,,,* myContacts,Mobile,+91 6304 036 201,,,,,,,,,,
Jim,Jim,,,,,,,,,,,,,,,,,,,,,,,,,,,* myContacts,Mobile,88666 39396,,,,,,,,,,
Jovian D'souza,Jovian,,D'souza,,,,,,,,,,,,,,,,,,,,,,,,,* myContacts,Mobile,+91 76209 51291,,,,,,,,,,
Jyoti Nit,Jyoti,,Nit,,,,,,,,,,,,,,,,,,,,,,,,,* myContacts,Mobile,+91 96734 99607,,,,,,,,,,
Karunraj,Karunraj,,,,,,,,,,,,,,,,,,,,,,,,,,,* myContacts,Mobile,+91 86391 48574,,,,,,,,,,
Kashin,Kashin,,,,,,,,,,,,,,,,,,,,,,,,,,,* myContacts,Mobile,+91 91498 90159,,,,,,,,,,
Kshitija Dahale- Jio,Kshitija,Dahale-,Jio,,,,,,,,,,,,,,,,,,,,,,,,,* myContacts,Mobile,+91 91727 88902,,,,,,,,,,
Kv Baavs😍😘,Kv,,Baavs😍😘,,,,,,,,,,,,,,,,,,,,,,,,https://lh3.googleusercontent.com/contacts/AKUYANR9vvLRSzcsE0S3BgVgOblnkPBmlUHQXPIuQ2_Cfbd5w-vLUUoE,* myContacts,Mobile,+91 77022 36395 ::: +91 76610 56219,Work,+91 93923 38472,,,,,,,,
Lalat Sir,Lalat,,Sir,,,,,,,,,,,,,,,,,,,,,,,,,* myContacts,Mobile,+91 96734 08877,,,,,,,,,,
Manju,Manju,,,,,,,,,,,,,,,,,,,,,,,,,,,* myContacts,Mobile,+91 70468 42187,,,,,,,,,,
Manju Fuaa,Manju,,Fuaa,,,,,,,,,,,,,,,,,,,,,,,,,* myContacts,Mobile,95656 03570,,,,,,,,,,
Mayankraj,Mayankraj,,,,,,,,,,,,,,,,,,,,,,,,,,,* myContacts,Mobile,+91 95212 80023,,,,,,,,,,
Mayankraj Part2,Mayankraj,,Part2,,,,,,,,,,,,,,,,,,,,,,,,,* myContacts,Mobile,+91 79037 80598,,,,,,,,,,
Mikkim,Mikkim,,,,,,,,,,,,,,,,,,,,,,,,,,,* myContacts,Mobile,+91 87874 92384,,,,,,,,,,
Mota,Mota,,,,,,,,,,,,,,,,,,,,,,,,,,,* myContacts,Mobile,+91 95031 08449,,,,,,,,,,
Neelam Ma'am,Neelam Ma'am,,,,,,,,,,,,,,,,,,,,,,,,,,,* myContacts,Mobile,+91 98680 60359,,,,,,,,,,
Neha,Neha,,,,,,,,,,,,,,,,,,,,,,,,,,,* myContacts,Home,+91 88499 22464,,,,,,,,,,
Nevs,Nevs,,,,,,,,,,,,,,,,,,,,,,,,,,,* myContacts,Mobile,99243 93984,,,,,,,,,,
NITI Ayogaya,NITI,,Ayogaya,,,,,,,,,,,,,,,,,,,,,,,,,* myContacts,Mobile,95405 45742,,,,,,,,,,
Pa To Education,Pa,To,Education,,,,,,,,,,,,,,,,,,,,,,,,,* myContacts,Mobile,0260 223 1803,,,,,,,,,,
Paresh,Paresh,,,,,,,,,,,,,,,,,,,,,,,,,,,* myContacts,Mobile,99041 25333,,,,,,,,,,
Patidar Sir,Patidar,,Sir,,,,,,,,,,,,,,,,,,,,,,,,,* myContacts,Mobile,+91 86988 16293,,,,,,,,,,
Philips,Philips ,,,,,,,,,,,,,,,,,,,,,,,,,,,* myContacts,Mobile,+91 88497 39618,,,,,,,,,,
Photoguy,Photoguy,,,,,,,,,,,,,,,,,,,,,,,,,,,* myContacts,Mobile,+91 62064 53431,,,,,,,,,,
PR Rahul,PR Rahul,,,,,,,,,,,,,,,,,,,,,,,,,,,* myContacts,Mobile,+91 83281 77530,,,,,,,,,,
Prabhav,Prabhav,,,,,,,,,,,,,,,,,,,,,,,,,,,* myContacts,Mobile,+91 63566 70355,,,,,,,,,,
Pragati Mam,Pragati,,Mam,,,,,,,,,,,,,,,,,,,,,,,,,* myContacts,Mobile,75884 71862,,,,,,,,,,
Pranav,Pranav,,,,,,,,,,,,,,,,,,,,,,,,,,,* myContacts,Mobile,+91 95523 99948,,,,,,,,,,
Prashant,Prashant,,,,,,,,,,,,,,,,,,,,,,,,,,,* myContacts,Mobile,+91 6204 758 429,,,,,,,,,,
Pratik,Pratik,,,,,,,,,,,,,,,,,,,,,,,,,,,* myContacts,Mobile,+91 88302 71663,,,,,,,,,,
Pratik2,Pratik2,,,,,,,,,,,,,,,,,,,,,,,,,,,* myContacts,Mobile,+91 70838 42350,,,,,,,,,,
Prince Bhaiya,Prince,,Bhaiya,,,,,,,,,,,,,,,,,,,,,,,,,* myContacts,Mobile,96530 45762,,,,,,,,,,
Purshotam Sir,Purshotam Sir,,,,,,,,,,,,,,,,,,,,,,,,,,,* myContacts,Mobile,+91 94048 82132,,,,,,,,,,
Pushkar Nitg,Pushkar,,Nitg,,,,,,,,,,,,,,,,,,,,,,,,,* myContacts,Mobile,+91 83089 78028,,,,,,,,,,
Rabul,Rabul,,,,,,,,,,,,,,,,,,,,,,,,,,,* myContacts,Mobile,+91 96732 01671,,,,,,,,,,
Rahul Kumar Incture,Rahul Kumar,,Incture,,,,,,,,,,,,,,,,,,,,,,,,,* myContacts,Mobile,+91 74799 78231,,,,,,,,,,
Rajit Mistry,Rajit,,Mistry,,,,,,,,,,,,,,,,,,,,,,,,,* myContacts,Mobile,+91 83201 01918 ::: +91 99242 89279,,,,,,,,,,
Rajkumar,Rajkumar,,,,,,,,,,,,,,,,,,,,,,,,,,,* myContacts,Mobile,+91 91330 10031,,,,,,,,,,
Ramdas PG,Ramdas,,PG,,,,,,,,,,,,,,,,,,,,,,,,,* myContacts,Mobile,+91 94051 16821,,,,,,,,,,
Ravi Roguju Sir NIT,Ravi Roguju,Sir,NIT,,,,,,,,,,,,,,,,,,,,,,,,,* myContacts,Mobile,+91 89195 03389 ::: +91 94047 14566,,,,,,,,,,
Rosemary,Rosemary,,,,,,,,,,,,,,,,,,,,,,,,,,,* myContacts,Mobile,+91 92076 02425,,,,,,,,,,
Roshan,Roshan,,,,,,,,,,,,,,,,,,,,,,,,,,,* myContacts,Mobile,+91 72849 52880,,,,,,,,,,
Roshan Tiwari,Roshan,,Tiwari,,,,,,,,,,,,,,,,,,,,,,,,,* myContacts,Mobile,83477 11518,,,,,,,,,,
Sahel Nit Goa,Sahel,Nit,Goa,,,,,,,,,,,,,,,,,,,,,,,,,* myContacts,Home,+91 77981 89046,,,,,,,,,,
Sahil Raikat,Sahil Raikat,,,,,,,,,,,,,,,,,,,,,,,,,,,* myContacts,Mobile,+91 95116 96523,,,,,,,,,,
Sahil .T,Sahil,,T,,,,,,,,,,,,,,,,,,,,,,,,,* myContacts,Mobile,070968 78021,,,,,,,,,,
Samruddhi,Samruddhi,,,,,,,,,,,,,,,,,,,,,,,,,,,* myContacts,Mobile,+91 91463 84057,,,,,,,,,,
Sanket,Sanket,,,,,,,,,,,,,,,,,,,,,,,,,,,* myContacts,Mobile,+91 75758 86606,,,,,,,,,,
Sarahni Mam Nit,Sarahni,Mam,Nit,,,,,,,,,,,,,,,,,,,,,,,,,* myContacts,Mobile,+91 94045 28880,,,,,,,,,,
Sarahni Mam Nit,Sarahni,Mam,Nit,,,,,,,,,,,,,,,,,,,,,,,,,* myContacts,Mobile,+91 94045 28880,,,,,,,,,,
Sarita,Sarita,,,,,,,,,,,,,,,,,,,,,,,,,,,* myContacts,Mobile,+91 81608 60419,,,,,,,,,,
Sarvesh,Sarvesh,,,,,,,,,,,,,,,,,,,,,,,,,,,* myContacts,Mobile,+91 98504 71787,,,,,,,,,,
Sashank,Sashank,,,,,,,,,,,,,,,,,,,,,,,,,,,* myContacts,Mobile,+91 6303 365 901,,,,,,,,,,
Sashikant,Sashikant,,,,,,,,,,,,,,,,,,,,,,,,,,,* myContacts,Mobile,+91 81409 76734,,,,,,,,,,
Saudi,Saudi,,,,,,,,,,,,,,,,,,,,,,,,,,,* myContacts,Mobile,+966 55 294 0478,,,,,,,,,,
Saurabh,Saurabh,,,,,,,,,,,,,,,,,,,,,,,,,,,* myContacts,Mobile,93270 30650,,,,,,,,,,
Senior,Senior,,,,,,,,,,,,,,,,,,,,,,,,,,,* myContacts,Mobile,+91 93288 60368,,,,,,,,,,
Shakti,Shakti,,,,,,,,,,,,,,,,,,,,,,,,,,,* myContacts,Mobile,+91 85510 42440,,,,,,,,,,
Shanti,Shanti,,,,,,,,,,,,,,,,,,,,,,,,,,,* myContacts,Mobile,+91 6304 112 936,,,,,,,,,,
Shivatman,Shivatman,,,,,,,,,,,,,,,,,,,,,,,,,,,* myContacts,Mobile,82758 57201,,,,,,,,,,
Shrilaxmi,Shrilaxmi,,,,,,,,,,,,,,,,,,,,,,,,,,,* myContacts,Mobile,+91 93807 04199,,,,,,,,,,
Silvassa Bakery,Silvassa,,Bakery,,,,,,,,,,,,,,,,,,,,,,,,,* myContacts,Mobile,93775 65611,,,,,,,,,,
Simran,Simran,,,,,,,,,,,,,,,,,,,,,,,,,,,* myContacts,Mobile,+91 72019 86463,,,,,,,,,,
Sini Tr,Sini,,Tr,,,,,,,,,,,,,,,,,,,,,,,,,* myContacts,Mobile,+91 99046 16216,,,,,,,,,,
Sir Veera Kumar,Sir Veera Kumar,,,,,,,,,,,,,,,,,,,,,,,,,,,* myContacts,Mobile,+91 82756 81742,,,,,,,,,,
Snehil Nit Goa,Snehil,Nit,Goa,,,,,,,,,,,,,,,,,,,,,,,,,* myContacts,Mobile,+91 93403 50831,,,,,,,,,,
Soaib Bhaii nITg,Soaib,Bhaii,nITg,,,,,,,,,,,,,,,,,,,,,,,,,* myContacts,Mobile,+91 97234 81161 ::: +91 96048 09551,,,,,,,,,,
Sohail,Sohail,,,,,,,,,,,,,,,,,,,,,,,,,,,* myContacts,Mobile,+91 83088 99581,,,,,,,,,,
Solanki,Solanki,,,,,,,,,,,,,,,,,,,,,,,,,,,* myContacts,Mobile,95799 34427,,,,,,,,,,
Somendranath,Somendranath,,,,,,,,,,,,,,,,,,,,,,,,,,,* myContacts,Mobile,+91 82089 63438,,,,,,,,,,
Sonu...,Sonu,,,,,,,,,,,,,,,,,,,,,,,,,,,* myContacts,Mobile,+91 70832 04677,,,,,,,,,,
Sunil,Sunil,,,,,,,,,,,,,,,,,,,,,,,,,,,* myContacts,Mobile,+91 98956 31011,,,,,,,,,,
Suraj,Suraj,,,,,,,,,,,,,,,,,,,,,,,,,,,* myContacts,Mobile,99042 04758,,,,,,,,,,
Trilochan Sir,Trilochan Sir,,,,,,,,,,,,,,,,,,,,,,,,,,,* myContacts,Mobile,+91 70287 46736,,,,,,,,,,
Tuition,Tuition,,,,,,,,,,,,,,,,,,,,,,,,,,,* myContacts,Mobile,+91 99135 49497,,,,,,,,,,
Unknown2,Unknown2,,,,,,,,,,,,,,,,,,,,,,,,,,,* myContacts,Mobile,+91 63977 84827,,,,,,,,,,
Valavan Sir,Valavan,,Sir,,,,,,,,,,,,,,,,,,,,,,,,,* myContacts,Mobile,75881 33665,,,,,,,,,,
Varun,Varun,,,,,,,,,,,,,,,,,,,,,,,,,,,* myContacts,Mobile,+91 93812 06834 ::: +91 94205 54581,,,,,,,,,,
Vasanth,Vasanth,,,,,,,,,,,,,,,,,,,,,,,,,,,* myContacts,Mobile,+91 82170 46754,,,,,,,,,,
Vinish Thanai Nit,Vinish,Thanai,Nit,,,,,,,,,,,,,,,,,,,,,,,,,* myContacts,Mobile,+91 80949 32667,,,,,,,,,,
Vishal Kevat,Vishal Kevat,,,,,,,,,,,,,,,,,,,,,,,,,,,* myContacts,Mobile,+91 96045 40205,,,,,,,,,,
Yash Mtech,Yash,,Mtech,,,,,,,,,,,,,,,,,,,,,,,,,* myContacts,Mobile,+91 83478 91701,,,,,,,,,,
Yashvendar,Yashvendar,,,,,,,,,,,,,,,,,,,,,,,,,,,* myContacts,Mobile,+91 94372 54538,,,,,,,,,,
Yashvendar,Yashvendar,,,,,,,,,,,,,,,,,,,,,,,,,,,* myContacts,Mobile,+91 90127 15461,,,,,,,,,,
Yuvraj Jio,Yuvraj,,Jio,,,,,,,,,,,,,,,,,,,,,,,,,* myContacts,Home,+91 82001 29109,,,,,,,,,,
